{
  "version": 1,
  "displayDebugData": false,
  "leafSize": 5,
  "leafLifespan": 200,
  "leafSpawnRate": 10,
  "coniferLeafSpawnRate": 0,
  "dropFromPlayerPlacedBlocks": true,
  "minimumFreeSpaceBelow": 1,
  "windEnabled": true,
  "windlessDimensions": [
    "minecraft:the_end",
    "minecraft:the_nether"
  ],
  "leafSettings": {
    "chipped:acacia_leaves_9": {
      "spawnRateFactor": 1.0,
      "isConiferBlock": false
    },
    "chipped:acacia_leaves_8": {
      "spawnRateFactor": 1.0,
      "isConiferBlock": false
    },
    "chipped:acacia_leaves_7": {
      "spawnRateFactor": 1.0,
      "isConiferBlock": false
    },
    "chipped:acacia_leaves_6": {
      "spawnRateFactor": 1.0,
      "isConiferBlock": false
    },
    "chipped:acacia_leaves_5": {
      "spawnRateFactor": 1.0,
      "isConiferBlock": false
    },
    "chipped:acacia_leaves_4": {
      "spawnRateFactor": 1.0,
      "isConiferBlock": false
    },
    "chipped:acacia_leaves_3": {
      "spawnRateFactor": 1.0,
      "isConiferBlock": false
    },
    "chipped:spruce_leaves_12": {
      "spawnRateFactor": 1.0,
      "isConiferBlock": false
    },
    "chipped:spruce_leaves_10": {
      "spawnRateFactor": 1.0,
      "isConiferBlock": false
    },
    "chipped:spruce_leaves_11": {
      "spawnRateFactor": 1.0,
      "isConiferBlock": false
    },
    "chipped:acacia_leaves_2": {
      "spawnRateFactor": 1.0,
      "isConiferBlock": false
    },
    "minecraft:oak_leaves": {
      "spawnRateFactor": 1.0,
      "isConiferBlock": false
    },
    "chipped:acacia_leaves_1": {
      "spawnRateFactor": 1.0,
      "isConiferBlock": false
    },
    "twilightforest:thorn_leaves": {
      "spawnRateFactor": 1.0,
      "isConiferBlock": false
    },
    "twilightforest:canopy_leaves": {
      "spawnRateFactor": 1.0,
      "isConiferBlock": false
    },
    "twilightforest:rainbow_oak_leaves": {
      "spawnRateFactor": 1.0,
      "isConiferBlock": false
    },
    "betternether:rubeus_leaves": {
      "spawnRateFactor": 1.0,
      "isConiferBlock": false
    },
    "twilightforest:transformation_leaves": {
      "spawnRateFactor": 1.0,
      "isConiferBlock": false
    },
    "twilightforest:dark_leaves": {
      "spawnRateFactor": 1.0,
      "isConiferBlock": false
    },
    "chipped:dark_oak_leaves_12": {
      "spawnRateFactor": 1.0,
      "isConiferBlock": false
    },
    "chipped:dark_oak_leaves_11": {
      "spawnRateFactor": 1.0,
      "isConiferBlock": false
    },
    "chipped:dark_oak_leaves_10": {
      "spawnRateFactor": 1.0,
      "isConiferBlock": false
    },
    "chipped:spruce_leaves_4": {
      "spawnRateFactor": 1.0,
      "isConiferBlock": false
    },
    "chipped:spruce_leaves_3": {
      "spawnRateFactor": 1.0,
      "isConiferBlock": false
    },
    "chipped:spruce_leaves_2": {
      "spawnRateFactor": 1.0,
      "isConiferBlock": false
    },
    "chipped:spruce_leaves_1": {
      "spawnRateFactor": 1.0,
      "isConiferBlock": false
    },
    "chipped:spruce_leaves_8": {
      "spawnRateFactor": 1.0,
      "isConiferBlock": false
    },
    "chipped:spruce_leaves_7": {
      "spawnRateFactor": 1.0,
      "isConiferBlock": false
    },
    "chipped:spruce_leaves_6": {
      "spawnRateFactor": 1.0,
      "isConiferBlock": false
    },
    "twilightforest:sorting_leaves": {
      "spawnRateFactor": 1.0,
      "isConiferBlock": false
    },
    "chipped:spruce_leaves_5": {
      "spawnRateFactor": 1.0,
      "isConiferBlock": false
    },
    "chipped:spruce_leaves_9": {
      "spawnRateFactor": 1.0,
      "isConiferBlock": false
    },
    "twilightforest:time_leaves": {
      "spawnRateFactor": 1.0,
      "isConiferBlock": false
    },
    "chipped:birch_leaves_4": {
      "spawnRateFactor": 1.0,
      "isConiferBlock": false
    },
    "chipped:birch_leaves_3": {
      "spawnRateFactor": 1.0,
      "isConiferBlock": false
    },
    "chipped:birch_leaves_6": {
      "spawnRateFactor": 1.0,
      "isConiferBlock": false
    },
    "chipped:birch_leaves_5": {
      "spawnRateFactor": 1.0,
      "isConiferBlock": false
    },
    "betterend:tenanea_leaves": {
      "spawnRateFactor": 1.0,
      "isConiferBlock": false
    },
    "chipped:birch_leaves_2": {
      "spawnRateFactor": 1.0,
      "isConiferBlock": false
    },
    "betterend:pythadendron_leaves": {
      "spawnRateFactor": 1.0,
      "isConiferBlock": false
    },
    "chipped:birch_leaves_1": {
      "spawnRateFactor": 1.0,
      "isConiferBlock": false
    },
    "minecraft:jungle_leaves": {
      "spawnRateFactor": 0.0,
      "isConiferBlock": false
    },
    "chipped:birch_leaves_12": {
      "spawnRateFactor": 1.0,
      "isConiferBlock": false
    },
    "chipped:birch_leaves_10": {
      "spawnRateFactor": 1.0,
      "isConiferBlock": false
    },
    "chipped:birch_leaves_11": {
      "spawnRateFactor": 1.0,
      "isConiferBlock": false
    },
    "chipped:dark_oak_leaves_5": {
      "spawnRateFactor": 1.0,
      "isConiferBlock": false
    },
    "betternether:anchor_tree_leaves": {
      "spawnRateFactor": 1.0,
      "isConiferBlock": false
    },
    "chipped:dark_oak_leaves_6": {
      "spawnRateFactor": 1.0,
      "isConiferBlock": false
    },
    "chipped:dark_oak_leaves_3": {
      "spawnRateFactor": 1.0,
      "isConiferBlock": false
    },
    "chipped:dark_oak_leaves_4": {
      "spawnRateFactor": 1.0,
      "isConiferBlock": false
    },
    "chipped:dark_oak_leaves_1": {
      "spawnRateFactor": 1.0,
      "isConiferBlock": false
    },
    "chipped:dark_oak_leaves_2": {
      "spawnRateFactor": 1.0,
      "isConiferBlock": false
    },
    "chipped:jungle_leaves_1": {
      "spawnRateFactor": 1.0,
      "isConiferBlock": false
    },
    "chipped:jungle_leaves_2": {
      "spawnRateFactor": 1.0,
      "isConiferBlock": false
    },
    "chipped:jungle_leaves_3": {
      "spawnRateFactor": 1.0,
      "isConiferBlock": false
    },
    "betternether:willow_leaves": {
      "spawnRateFactor": 1.0,
      "isConiferBlock": false
    },
    "twilightforest:beanstalk_leaves": {
      "spawnRateFactor": 1.0,
      "isConiferBlock": false
    },
    "twilightforest:twilight_oak_leaves": {
      "spawnRateFactor": 1.0,
      "isConiferBlock": false
    },
    "minecraft:flowering_azalea_leaves": {
      "spawnRateFactor": 1.0,
      "isConiferBlock": false
    },
    "chipped:jungle_leaves_4": {
      "spawnRateFactor": 1.0,
      "isConiferBlock": false
    },
    "chipped:jungle_leaves_5": {
      "spawnRateFactor": 1.0,
      "isConiferBlock": false
    },
    "chipped:jungle_leaves_6": {
      "spawnRateFactor": 1.0,
      "isConiferBlock": false
    },
    "chipped:jungle_leaves_7": {
      "spawnRateFactor": 1.0,
      "isConiferBlock": false
    },
    "chipped:jungle_leaves_8": {
      "spawnRateFactor": 1.0,
      "isConiferBlock": false
    },
    "chipped:birch_leaves_8": {
      "spawnRateFactor": 1.0,
      "isConiferBlock": false
    },
    "chipped:jungle_leaves_9": {
      "spawnRateFactor": 1.0,
      "isConiferBlock": false
    },
    "chipped:birch_leaves_7": {
      "spawnRateFactor": 1.0,
      "isConiferBlock": false
    },
    "minecraft:spruce_leaves": {
      "spawnRateFactor": 1.0,
      "isConiferBlock": true
    },
    "chipped:birch_leaves_9": {
      "spawnRateFactor": 1.0,
      "isConiferBlock": false
    },
    "minecraft:birch_leaves": {
      "spawnRateFactor": 1.0,
      "isConiferBlock": false
    },
    "minecraft:acacia_leaves": {
      "spawnRateFactor": 1.0,
      "isConiferBlock": false
    },
    "betternether:nether_sakura_leaves": {
      "spawnRateFactor": 1.0,
      "isConiferBlock": false
    },
    "chipped:acacia_leaves_10": {
      "spawnRateFactor": 1.0,
      "isConiferBlock": false
    },
    "chipped:acacia_leaves_11": {
      "spawnRateFactor": 1.0,
      "isConiferBlock": false
    },
    "chipped:acacia_leaves_12": {
      "spawnRateFactor": 1.0,
      "isConiferBlock": false
    },
    "twilightforest:mangrove_leaves": {
      "spawnRateFactor": 1.0,
      "isConiferBlock": false
    },
    "betterend:dragon_tree_leaves": {
      "spawnRateFactor": 1.0,
      "isConiferBlock": false
    },
    "chipped:dark_oak_leaves_9": {
      "spawnRateFactor": 1.0,
      "isConiferBlock": false
    },
    "twilightforest:mining_leaves": {
      "spawnRateFactor": 1.0,
      "isConiferBlock": false
    },
    "chipped:dark_oak_leaves_7": {
      "spawnRateFactor": 1.0,
      "isConiferBlock": false
    },
    "chipped:dark_oak_leaves_8": {
      "spawnRateFactor": 1.0,
      "isConiferBlock": false
    },
    "chipped:oak_leaves_6": {
      "spawnRateFactor": 1.0,
      "isConiferBlock": false
    },
    "chipped:oak_leaves_7": {
      "spawnRateFactor": 1.0,
      "isConiferBlock": false
    },
    "chipped:oak_leaves_4": {
      "spawnRateFactor": 1.0,
      "isConiferBlock": false
    },
    "minecraft:azalea_leaves": {
      "spawnRateFactor": 1.0,
      "isConiferBlock": false
    },
    "chipped:oak_leaves_5": {
      "spawnRateFactor": 1.0,
      "isConiferBlock": false
    },
    "chipped:jungle_leaves_10": {
      "spawnRateFactor": 1.0,
      "isConiferBlock": false
    },
    "chipped:oak_leaves_2": {
      "spawnRateFactor": 1.0,
      "isConiferBlock": false
    },
    "chipped:oak_leaves_3": {
      "spawnRateFactor": 1.0,
      "isConiferBlock": false
    },
    "chipped:jungle_leaves_12": {
      "spawnRateFactor": 1.0,
      "isConiferBlock": false
    },
    "chipped:jungle_leaves_11": {
      "spawnRateFactor": 1.0,
      "isConiferBlock": false
    },
    "chipped:oak_leaves_1": {
      "spawnRateFactor": 1.0,
      "isConiferBlock": false
    },
    "chipped:oak_leaves_10": {
      "spawnRateFactor": 1.0,
      "isConiferBlock": false
    },
    "betterend:lucernia_leaves": {
      "spawnRateFactor": 1.0,
      "isConiferBlock": false
    },
    "chipped:oak_leaves_12": {
      "spawnRateFactor": 1.0,
      "isConiferBlock": false
    },
    "chipped:oak_leaves_11": {
      "spawnRateFactor": 1.0,
      "isConiferBlock": false
    },
    "chipped:oak_leaves_8": {
      "spawnRateFactor": 1.0,
      "isConiferBlock": false
    },
    "chipped:oak_leaves_9": {
      "spawnRateFactor": 1.0,
      "isConiferBlock": false
    },
    "betterend:lacugrove_leaves": {
      "spawnRateFactor": 1.0,
      "isConiferBlock": false
    },
    "minecraft:dark_oak_leaves": {
      "spawnRateFactor": 1.0,
      "isConiferBlock": false
    },
    "betternether:black_vine": {
      "spawnRateFactor": 1.0,
      "isConiferBlock": false
    },
    "betternether:soul_vein": {
      "spawnRateFactor": 1.0,
      "isConiferBlock": false
    },
    "betternether:eye_vine": {
      "spawnRateFactor": 1.0,
      "isConiferBlock": false
    },
    "betternether:stalagnate_seed": {
      "spawnRateFactor": 1.0,
      "isConiferBlock": false
    },
    "betternether:magma_flower": {
      "spawnRateFactor": 1.0,
      "isConiferBlock": false
    },
    "betternether:anchor_tree_sapling": {
      "spawnRateFactor": 1.0,
      "isConiferBlock": false
    },
    "betternether:golden_vine": {
      "spawnRateFactor": 1.0,
      "isConiferBlock": false
    },
    "betternether:jellyfish_mushroom_sapling": {
      "spawnRateFactor": 1.0,
      "isConiferBlock": false
    },
    "betternether:nether_sakura_sapling": {
      "spawnRateFactor": 1.0,
      "isConiferBlock": false
    },
    "betternether:eyeball": {
      "spawnRateFactor": 1.0,
      "isConiferBlock": false
    },
    "betterend:cave_bush": {
      "spawnRateFactor": 1.0,
      "isConiferBlock": false
    },
    "betternether:rubeus_sapling": {
      "spawnRateFactor": 1.0,
      "isConiferBlock": false
    },
    "betternether:black_apple": {
      "spawnRateFactor": 1.0,
      "isConiferBlock": false
    },
    "betternether:feather_fern": {
      "spawnRateFactor": 1.0,
      "isConiferBlock": false
    },
    "betternether:bone_mushroom": {
      "spawnRateFactor": 1.0,
      "isConiferBlock": false
    },
    "betternether:black_bush": {
      "spawnRateFactor": 1.0,
      "isConiferBlock": false
    },
    "betternether:anchor_tree_vine": {
      "spawnRateFactor": 1.0,
      "isConiferBlock": false
    },
    "betternether:eyeball_small": {
      "spawnRateFactor": 1.0,
      "isConiferBlock": false
    },
    "betternether:egg_plant": {
      "spawnRateFactor": 1.0,
      "isConiferBlock": false
    },
    "betternether:lumabus_vine": {
      "spawnRateFactor": 1.0,
      "isConiferBlock": false
    },
    "betternether:willow_sapling": {
      "spawnRateFactor": 1.0,
      "isConiferBlock": false
    },
    "betternether:blooming_vine": {
      "spawnRateFactor": 1.0,
      "isConiferBlock": false
    },
    "betternether:nether_reed_stem": {
      "spawnRateFactor": 1.0,
      "isConiferBlock": false
    },
    "betternether:mushroom_fir_sapling": {
      "spawnRateFactor": 1.0,
      "isConiferBlock": false
    },
    "betternether:orange_mushroom": {
      "spawnRateFactor": 1.0,
      "isConiferBlock": false
    },
    "betternether:ink_bush": {
      "spawnRateFactor": 1.0,
      "isConiferBlock": false
    },
    "betternether:whispering_gourd_vine": {
      "spawnRateFactor": 1.0,
      "isConiferBlock": false
    },
    "betternether:golden_lumabus_vine": {
      "spawnRateFactor": 1.0,
      "isConiferBlock": false
    },
    "betternether:neon_equisetum": {
      "spawnRateFactor": 1.0,
      "isConiferBlock": false
    },
    "betternether:potted_plant": {
      "spawnRateFactor": 1.0,
      "isConiferBlock": false
    },
    "the_aether:skyroot_leaves": {
      "spawnRateFactor": 1.0,
      "isConiferBlock": false
    },
    "the_aether:lavender_wisteria_leaves": {
      "spawnRateFactor": 1.0,
      "isConiferBlock": false
    },
    "the_aether:rose_wisteria_leaves": {
      "spawnRateFactor": 1.0,
      "isConiferBlock": false
    },
    "the_aether:orange_leaves": {
      "spawnRateFactor": 1.0,
      "isConiferBlock": false
    },
    "the_aether:golden_oak_leaves": {
      "spawnRateFactor": 1.0,
      "isConiferBlock": false
    },
    "the_aether:boreal_wisteria_leaves": {
      "spawnRateFactor": 1.0,
      "isConiferBlock": false
    },
    "the_aether:frost_wisteria_leaves": {
      "spawnRateFactor": 1.0,
      "isConiferBlock": false
    },
    "the_aether:crystal_leaves": {
      "spawnRateFactor": 1.0,
      "isConiferBlock": false
    },
    "bewitchment:elder_leaves": {
      "spawnRateFactor": 1.0,
      "isConiferBlock": false
    },
    "bewitchment:dragons_blood_leaves": {
      "spawnRateFactor": 1.0,
      "isConiferBlock": false
    },
    "bewitchment:cypress_leaves": {
      "spawnRateFactor": 1.0,
      "isConiferBlock": false
    },
    "bewitchment:juniper_leaves": {
      "spawnRateFactor": 1.0,
      "isConiferBlock": false
    },
    "blockus:legacy_leaves": {
      "spawnRateFactor": 1.0,
      "isConiferBlock": false
    },
    "blockus:white_oak_leaves": {
      "spawnRateFactor": 1.0,
      "isConiferBlock": false
    },
    "ecologics:coconut_leaves": {
      "spawnRateFactor": 1.0,
      "isConiferBlock": false
    },
    "ecologics:walnut_leaves": {
      "spawnRateFactor": 1.0,
      "isConiferBlock": false
    }
  },
  "leafSpawners": [],
  "fallSpawnRateFactor": 1.8,
  "winterSpawnRateFactor": 0.1,
  "startingSpawnRadius": 0,
  "decaySpawnRateFactor": 2.6,
  "maxDecayLeaves": 9
}