{"minecraft:overworld":[{"name":"DP(665_73_1215)","x":665,"y":73,"z":1215,"color":16777215,"icon":"SKULL","max-distance":0,"min-distance":0,"enabled":true},{"name":"DP(660_77_1212)","x":660,"y":77,"z":1212,"color":16777215,"icon":"SKULL","max-distance":0,"min-distance":0,"enabled":true},{"name":"DP(666_73_1214)","x":666,"y":73,"z":1214,"color":16777215,"icon":"SKULL","max-distance":0,"min-distance":0,"enabled":true},{"name":"DP(664_84_1213)","x":664,"y":84,"z":1213,"color":16777215,"icon":"SKULL","max-distance":0,"min-distance":0,"enabled":true}]}