{"minecraft:overworld":[{"name":"DP(-223_83_310)","x":-223,"y":83,"z":310,"color":16777215,"icon":"SKULL","max-distance":0,"min-distance":0,"enabled":true},{"name":"DP(-224_83_311)","x":-224,"y":83,"z":311,"color":16777215,"icon":"SKULL","max-distance":0,"min-distance":0,"enabled":true},{"name":"DP(-251_93_318)","x":-251,"y":93,"z":318,"color":16777215,"icon":"SKULL","max-distance":0,"min-distance":0,"enabled":true},{"name":"DP(-211_98_309)","x":-211,"y":98,"z":309,"color":16777215,"icon":"SKULL","max-distance":0,"min-distance":0,"enabled":true},{"name":"DP(-212_98_309)","x":-212,"y":98,"z":309,"color":16777215,"icon":"SKULL","max-distance":0,"min-distance":0,"enabled":true},{"name":"DP(-393_117_385)","x":-393,"y":117,"z":385,"color":16777215,"icon":"SKULL","max-distance":0,"min-distance":0,"enabled":true},{"name":"DP(-393_118_385)","x":-393,"y":118,"z":385,"color":16777215,"icon":"SKULL","max-distance":0,"min-distance":0,"enabled":true},{"name":"DP(-492_95_380)","x":-492,"y":95,"z":380,"color":16777215,"icon":"SKULL","max-distance":0,"min-distance":0,"enabled":true},{"name":"DP(-496_95_376)","x":-496,"y":95,"z":376,"color":16777215,"icon":"SKULL","max-distance":0,"min-distance":0,"enabled":true},{"name":"DP(-815_-57_464)","x":-815,"y":-57,"z":464,"color":16777215,"icon":"SKULL","max-distance":0,"min-distance":0,"enabled":true},{"name":"DP(-812_-59_464)","x":-812,"y":-59,"z":464,"color":16777215,"icon":"SKULL","max-distance":0,"min-distance":0,"enabled":true},{"name":"DP(-831_-59_466)","x":-831,"y":-59,"z":466,"color":16777215,"icon":"SKULL","max-distance":0,"min-distance":0,"enabled":true},{"name":"DP(-832_-59_465)","x":-832,"y":-59,"z":465,"color":16777215,"icon":"SKULL","max-distance":0,"min-distance":0,"enabled":true},{"name":"DP(-825_-59_469)","x":-825,"y":-59,"z":469,"color":16777215,"icon":"SKULL","max-distance":0,"min-distance":0,"enabled":true},{"name":"DP(-825_-58_469)","x":-825,"y":-58,"z":469,"color":16777215,"icon":"SKULL","max-distance":0,"min-distance":0,"enabled":true},{"name":"DP(-826_-59_464)","x":-826,"y":-59,"z":464,"color":16777215,"icon":"SKULL","max-distance":0,"min-distance":0,"enabled":true},{"name":"DP(-826_-58_464)","x":-826,"y":-58,"z":464,"color":16777215,"icon":"SKULL","max-distance":0,"min-distance":0,"enabled":true}]}