{
	"mod": "adventurez",
	"spawn": {
		// Array of all categories this mod has spawns for
		"categories": {
			"creature": {
				// Set the limit per mob within this category
				"spawns": {
					"deer": {
						// Do not edit this name
						"name": "deer",
						// Maximum amount of this mob that can spawn per chunk
						"limit": 10
					},
					"iguana": {
						// Do not edit this name
						"name": "iguana",
						// Maximum amount of this mob that can spawn per chunk
						"limit": 10
					},
					"red_fungus": {
						// Do not edit this name
						"name": "red_fungus",
						// Maximum amount of this mob that can spawn per chunk
						"limit": 10
					},
					"ender_whale": {
						// Do not edit this name
						"name": "ender_whale",
						// Maximum amount of this mob that can spawn per chunk
						"limit": 10
					},
					"brown_fungus": {
						// Do not edit this name
						"name": "brown_fungus",
						// Maximum amount of this mob that can spawn per chunk
						"limit": 10
					},
					"dragon": {
						// Do not edit this name
						"name": "dragon",
						// Maximum amount of this mob that can spawn per chunk
						"limit": 10
					},
					"nightmare": {
						// Do not edit this name
						"name": "nightmare",
						// Maximum amount of this mob that can spawn per chunk
						"limit": 10
					},
					"mammoth": {
						// Do not edit this name
						"name": "mammoth",
						// Maximum amount of this mob that can spawn per chunk
						"limit": 10
					}
				}
			},
			"monster": {
				// Set the limit per mob within this category
				"spawns": {
					"skeleton_vanguard": {
						// Do not edit this name
						"name": "skeleton_vanguard",
						// Maximum amount of this mob that can spawn per chunk
						"limit": 70
					},
					"orc": {
						// Do not edit this name
						"name": "orc",
						// Maximum amount of this mob that can spawn per chunk
						"limit": 70
					},
					"desert_rhino": {
						// Do not edit this name
						"name": "desert_rhino",
						// Maximum amount of this mob that can spawn per chunk
						"limit": 70
					},
					"the_eye": {
						// Do not edit this name
						"name": "the_eye",
						// Maximum amount of this mob that can spawn per chunk
						"limit": 70
					},
					"necromancer": {
						// Do not edit this name
						"name": "necromancer",
						// Maximum amount of this mob that can spawn per chunk
						"limit": 70
					},
					"small_stone_golem": {
						// Do not edit this name
						"name": "small_stone_golem",
						// Maximum amount of this mob that can spawn per chunk
						"limit": 70
					},
					"piglin_beast": {
						// Do not edit this name
						"name": "piglin_beast",
						// Maximum amount of this mob that can spawn per chunk
						"limit": 70
					},
					"blaze_guardian": {
						// Do not edit this name
						"name": "blaze_guardian",
						// Maximum amount of this mob that can spawn per chunk
						"limit": 70
					},
					"void_fragment": {
						// Do not edit this name
						"name": "void_fragment",
						// Maximum amount of this mob that can spawn per chunk
						"limit": 70
					},
					"shaman": {
						// Do not edit this name
						"name": "shaman",
						// Maximum amount of this mob that can spawn per chunk
						"limit": 70
					},
					"stone_golem": {
						// Do not edit this name
						"name": "stone_golem",
						// Maximum amount of this mob that can spawn per chunk
						"limit": 70
					},
					"void_shade": {
						// Do not edit this name
						"name": "void_shade",
						// Maximum amount of this mob that can spawn per chunk
						"limit": 70
					},
					"soul_reaper": {
						// Do not edit this name
						"name": "soul_reaper",
						// Maximum amount of this mob that can spawn per chunk
						"limit": 70
					},
					"amethyst_golem": {
						// Do not edit this name
						"name": "amethyst_golem",
						// Maximum amount of this mob that can spawn per chunk
						"limit": 70
					},
					"wither_puppet": {
						// Do not edit this name
						"name": "wither_puppet",
						// Maximum amount of this mob that can spawn per chunk
						"limit": 70
					},
					"enderwarthog": {
						// Do not edit this name
						"name": "enderwarthog",
						// Maximum amount of this mob that can spawn per chunk
						"limit": 70
					},
					"void_shadow": {
						// Do not edit this name
						"name": "void_shadow",
						// Maximum amount of this mob that can spawn per chunk
						"limit": 70
					},
					"summoner": {
						// Do not edit this name
						"name": "summoner",
						// Maximum amount of this mob that can spawn per chunk
						"limit": 70
					}
				}
			}
		}
	}
}