{
	"mod": "besmirchment",
	"spawn": {
		// Array of all categories this mod has spawns for
		"categories": {
			"monster": {
				// Set the limit per mob within this category
				"spawns": {
					"werepyre": {
						// Do not edit this name
						"name": "werepyre",
						// Maximum amount of this mob that can spawn per chunk
						"limit": 70
					},
					"beelzebub": {
						// Do not edit this name
						"name": "beelzebub",
						// Maximum amount of this mob that can spawn per chunk
						"limit": 70
					}
				}
			}
		}
	}
}