{
	"mod": "bewitchment",
	"spawn": {
		// Array of all categories this mod has spawns for
		"categories": {
			"creature": {
				// Set the limit per mob within this category
				"spawns": {
					"raven": {
						// Do not edit this name
						"name": "raven",
						// Maximum amount of this mob that can spawn per chunk
						"limit": 10
					},
					"owl": {
						// Do not edit this name
						"name": "owl",
						// Maximum amount of this mob that can spawn per chunk
						"limit": 10
					},
					"snake": {
						// Do not edit this name
						"name": "snake",
						// Maximum amount of this mob that can spawn per chunk
						"limit": 10
					},
					"toad": {
						// Do not edit this name
						"name": "toad",
						// Maximum amount of this mob that can spawn per chunk
						"limit": 10
					}
				}
			},
			"monster": {
				// Set the limit per mob within this category
				"spawns": {
					"leonard": {
						// Do not edit this name
						"name": "leonard",
						// Maximum amount of this mob that can spawn per chunk
						"limit": 70
					},
					"ghost": {
						// Do not edit this name
						"name": "ghost",
						// Maximum amount of this mob that can spawn per chunk
						"limit": 70
					},
					"werewolf": {
						// Do not edit this name
						"name": "werewolf",
						// Maximum amount of this mob that can spawn per chunk
						"limit": 70
					},
					"herne": {
						// Do not edit this name
						"name": "herne",
						// Maximum amount of this mob that can spawn per chunk
						"limit": 70
					},
					"vampire": {
						// Do not edit this name
						"name": "vampire",
						// Maximum amount of this mob that can spawn per chunk
						"limit": 70
					},
					"baphomet": {
						// Do not edit this name
						"name": "baphomet",
						// Maximum amount of this mob that can spawn per chunk
						"limit": 70
					},
					"hellhound": {
						// Do not edit this name
						"name": "hellhound",
						// Maximum amount of this mob that can spawn per chunk
						"limit": 70
					},
					"demon": {
						// Do not edit this name
						"name": "demon",
						// Maximum amount of this mob that can spawn per chunk
						"limit": 70
					},
					"lilith": {
						// Do not edit this name
						"name": "lilith",
						// Maximum amount of this mob that can spawn per chunk
						"limit": 70
					}
				}
			}
		}
	}
}