{
	"mod": "bosses_of_mass_destruction",
	"spawn": {
		// Array of all categories this mod has spawns for
		"categories": {
			"monster": {
				// Set the limit per mob within this category
				"spawns": {
					"lich": {
						// Do not edit this name
						"name": "lich",
						// Maximum amount of this mob that can spawn per chunk
						"limit": 70
					},
					"obsidilith": {
						// Do not edit this name
						"name": "obsidilith",
						// Maximum amount of this mob that can spawn per chunk
						"limit": 70
					},
					"gauntlet": {
						// Do not edit this name
						"name": "gauntlet",
						// Maximum amount of this mob that can spawn per chunk
						"limit": 70
					},
					"void_blossom": {
						// Do not edit this name
						"name": "void_blossom",
						// Maximum amount of this mob that can spawn per chunk
						"limit": 70
					}
				}
			}
		}
	}
}