{
	"mod": "ecologics",
	"spawn": {
		// Array of all categories this mod has spawns for
		"categories": {
			"creature": {
				// Set the limit per mob within this category
				"spawns": {
					"squirrel": {
						// Do not edit this name
						"name": "squirrel",
						// Maximum amount of this mob that can spawn per chunk
						"limit": 10
					},
					"camel": {
						// Do not edit this name
						"name": "camel",
						// Maximum amount of this mob that can spawn per chunk
						"limit": 10
					},
					"penguin": {
						// Do not edit this name
						"name": "penguin",
						// Maximum amount of this mob that can spawn per chunk
						"limit": 10
					},
					"coconut_crab": {
						// Do not edit this name
						"name": "coconut_crab",
						// Maximum amount of this mob that can spawn per chunk
						"limit": 10
					}
				}
			}
		}
	}
}