{
	"mod": "goblintraders",
	"spawn": {
		// Array of all categories this mod has spawns for
		"categories": {
			"creature": {
				// Set the limit per mob within this category
				"spawns": {
					"vein_goblin_trader": {
						// Do not edit this name
						"name": "vein_goblin_trader",
						// Maximum amount of this mob that can spawn per chunk
						"limit": 10
					},
					"goblin_trader": {
						// Do not edit this name
						"name": "goblin_trader",
						// Maximum amount of this mob that can spawn per chunk
						"limit": 10
					}
				}
			}
		}
	}
}