{
	"mod": "mcdar",
	"spawn": {
		// Array of all categories this mod has spawns for
		"categories": {
			"creature": {
				// Set the limit per mob within this category
				"spawns": {
					"enchanted_red_sheep": {
						// Do not edit this name
						"name": "enchanted_red_sheep",
						// Maximum amount of this mob that can spawn per chunk
						"limit": 10
					},
					"tasty_bone_wolf": {
						// Do not edit this name
						"name": "tasty_bone_wolf",
						// Maximum amount of this mob that can spawn per chunk
						"limit": 10
					},
					"enchanted_green_sheep": {
						// Do not edit this name
						"name": "enchanted_green_sheep",
						// Maximum amount of this mob that can spawn per chunk
						"limit": 10
					},
					"enchanted_blue_sheep": {
						// Do not edit this name
						"name": "enchanted_blue_sheep",
						// Maximum amount of this mob that can spawn per chunk
						"limit": 10
					},
					"golem_kit_golem": {
						// Do not edit this name
						"name": "golem_kit_golem",
						// Maximum amount of this mob that can spawn per chunk
						"limit": 10
					},
					"wonderful_wheat_llama": {
						// Do not edit this name
						"name": "wonderful_wheat_llama",
						// Maximum amount of this mob that can spawn per chunk
						"limit": 10
					},
					"buzzy_nest_bee": {
						// Do not edit this name
						"name": "buzzy_nest_bee",
						// Maximum amount of this mob that can spawn per chunk
						"limit": 10
					}
				}
			}
		}
	}
}