{
	"mod": "soulsweapons",
	"spawn": {
		// Array of all categories this mod has spawns for
		"categories": {
			"creature": {
				// Set the limit per mob within this category
				"spawns": {
					"remnant": {
						// Do not edit this name
						"name": "remnant",
						// Maximum amount of this mob that can spawn per chunk
						"limit": 10
					},
					"soulmass": {
						// Do not edit this name
						"name": "soulmass",
						// Maximum amount of this mob that can spawn per chunk
						"limit": 10
					},
					"dark_sorcerer": {
						// Do not edit this name
						"name": "dark_sorcerer",
						// Maximum amount of this mob that can spawn per chunk
						"limit": 10
					},
					"forlorn": {
						// Do not edit this name
						"name": "forlorn",
						// Maximum amount of this mob that can spawn per chunk
						"limit": 10
					},
					"soul_reaper_ghost": {
						// Do not edit this name
						"name": "soul_reaper_ghost",
						// Maximum amount of this mob that can spawn per chunk
						"limit": 10
					}
				}
			},
			"monster": {
				// Set the limit per mob within this category
				"spawns": {
					"evil_forlorn": {
						// Do not edit this name
						"name": "evil_forlorn",
						// Maximum amount of this mob that can spawn per chunk
						"limit": 70
					},
					"ghost_warrior": {
						// Do not edit this name
						"name": "ghost_warrior",
						// Maximum amount of this mob that can spawn per chunk
						"limit": 70
					},
					"big_chungus": {
						// Do not edit this name
						"name": "big_chungus",
						// Maximum amount of this mob that can spawn per chunk
						"limit": 70
					},
					"chaos_monarch": {
						// Do not edit this name
						"name": "chaos_monarch",
						// Maximum amount of this mob that can spawn per chunk
						"limit": 70
					},
					"accursed_lord_boss": {
						// Do not edit this name
						"name": "accursed_lord_boss",
						// Maximum amount of this mob that can spawn per chunk
						"limit": 70
					},
					"returning_knight": {
						// Do not edit this name
						"name": "returning_knight",
						// Maximum amount of this mob that can spawn per chunk
						"limit": 70
					},
					"draugr_boss": {
						// Do not edit this name
						"name": "draugr_boss",
						// Maximum amount of this mob that can spawn per chunk
						"limit": 70
					},
					"withered_demon": {
						// Do not edit this name
						"name": "withered_demon",
						// Maximum amount of this mob that can spawn per chunk
						"limit": 70
					},
					"night_shade": {
						// Do not edit this name
						"name": "night_shade",
						// Maximum amount of this mob that can spawn per chunk
						"limit": 70
					}
				}
			}
		}
	}
}