{
	"mod": "the_bumblezone",
	"spawn": {
		// Array of all categories this mod has spawns for
		"categories": {
			"creature": {
				// Set the limit per mob within this category
				"spawns": {
					"honey_slime": {
						// Do not edit this name
						"name": "honey_slime",
						// Maximum amount of this mob that can spawn per chunk
						"limit": 10
					},
					"beehemoth": {
						// Do not edit this name
						"name": "beehemoth",
						// Maximum amount of this mob that can spawn per chunk
						"limit": 10
					}
				}
			}
		}
	}
}