{
	"mod": "the_aether",
	"spawn": {
		// Array of all categories this mod has spawns for
		"categories": {
			"creature": {
				// Set the limit per mob within this category
				"spawns": {
					"aerbunny": {
						// Do not edit this name
						"name": "aerbunny",
						// Maximum amount of this mob that can spawn per chunk
						"limit": 10
					},
					"aerwhale": {
						// Do not edit this name
						"name": "aerwhale",
						// Maximum amount of this mob that can spawn per chunk
						"limit": 10
					},
					"moa": {
						// Do not edit this name
						"name": "moa",
						// Maximum amount of this mob that can spawn per chunk
						"limit": 10
					}
				}
			},
			"monster": {
				// Set the limit per mob within this category
				"spawns": {
					"white_swet": {
						// Do not edit this name
						"name": "white_swet",
						// Maximum amount of this mob that can spawn per chunk
						"limit": 70
					},
					"cockatrice": {
						// Do not edit this name
						"name": "cockatrice",
						// Maximum amount of this mob that can spawn per chunk
						"limit": 70
					},
					"purple_swet": {
						// Do not edit this name
						"name": "purple_swet",
						// Maximum amount of this mob that can spawn per chunk
						"limit": 70
					},
					"golden_swet": {
						// Do not edit this name
						"name": "golden_swet",
						// Maximum amount of this mob that can spawn per chunk
						"limit": 70
					},
					"aechor_plant": {
						// Do not edit this name
						"name": "aechor_plant",
						// Maximum amount of this mob that can spawn per chunk
						"limit": 70
					},
					"blue_swet": {
						// Do not edit this name
						"name": "blue_swet",
						// Maximum amount of this mob that can spawn per chunk
						"limit": 70
					}
				}
			}
		}
	}
}