{"minecraft:overworld":[{"name":"DP(1575_109_1129)","x":1575,"y":109,"z":1129,"color":16777215,"icon":"SKULL","max-distance":0,"min-distance":0,"enabled":true},{"name":"DP(1576_111_1130)","x":1576,"y":111,"z":1130,"color":16777215,"icon":"SKULL","max-distance":0,"min-distance":0,"enabled":true},{"name":"DP(1563_109_1130)","x":1563,"y":109,"z":1130,"color":16777215,"icon":"SKULL","max-distance":0,"min-distance":0,"enabled":true},{"name":"DP(1563_111_1129)","x":1563,"y":111,"z":1129,"color":16777215,"icon":"SKULL","max-distance":0,"min-distance":0,"enabled":true}]}