{"minecraft:overworld":[{"name":"DP(175_41_14)","x":175,"y":41,"z":14,"color":16777215,"icon":"SKULL","max-distance":0,"min-distance":0,"enabled":true},{"name":"DP(113_41_32)","x":113,"y":41,"z":32,"color":16777215,"icon":"SKULL","max-distance":0,"min-distance":0,"enabled":true},{"name":"DP(115_41_29)","x":115,"y":41,"z":29,"color":16777215,"icon":"SKULL","max-distance":0,"min-distance":0,"enabled":true},{"name":"DP(127_42_37)","x":127,"y":42,"z":37,"color":16777215,"icon":"SKULL","max-distance":0,"min-distance":0,"enabled":true},{"name":"DP(109_37_31)","x":109,"y":37,"z":31,"color":16777215,"icon":"SKULL","max-distance":0,"min-distance":0,"enabled":true},{"name":"DP(109_38_31)","x":109,"y":38,"z":31,"color":16777215,"icon":"SKULL","max-distance":0,"min-distance":0,"enabled":true},{"name":"DP(137_64_10)","x":137,"y":64,"z":10,"color":16777215,"icon":"SKULL","max-distance":0,"min-distance":0,"enabled":true},{"name":"DP(137_63_10)","x":137,"y":63,"z":10,"color":16777215,"icon":"SKULL","max-distance":0,"min-distance":0,"enabled":true},{"name":"DP(136_63_10)","x":136,"y":63,"z":10,"color":16777215,"icon":"SKULL","max-distance":0,"min-distance":0,"enabled":true},{"name":"DP(135_63_9)","x":135,"y":63,"z":9,"color":16777215,"icon":"SKULL","max-distance":0,"min-distance":0,"enabled":true},{"name":"DP(741_87_263)","x":741,"y":87,"z":263,"color":16777215,"icon":"SKULL","max-distance":0,"min-distance":0,"enabled":true}]}